-- MySQL dump 10.13  Distrib 5.6.26, for osx10.8 (x86_64)
--
-- Host: localhost    Database: cmpe275
-- ------------------------------------------------------
-- Server version	5.6.26

/*!40101 SET @OLD_CHARACTER_SET_CLIENT=@@CHARACTER_SET_CLIENT */;
/*!40101 SET @OLD_CHARACTER_SET_RESULTS=@@CHARACTER_SET_RESULTS */;
/*!40101 SET @OLD_COLLATION_CONNECTION=@@COLLATION_CONNECTION */;
/*!40101 SET NAMES utf8 */;
/*!40103 SET @OLD_TIME_ZONE=@@TIME_ZONE */;
/*!40103 SET TIME_ZONE='+00:00' */;
/*!40014 SET @OLD_UNIQUE_CHECKS=@@UNIQUE_CHECKS, UNIQUE_CHECKS=0 */;
/*!40014 SET @OLD_FOREIGN_KEY_CHECKS=@@FOREIGN_KEY_CHECKS, FOREIGN_KEY_CHECKS=0 */;
/*!40101 SET @OLD_SQL_MODE=@@SQL_MODE, SQL_MODE='NO_AUTO_VALUE_ON_ZERO' */;
/*!40111 SET @OLD_SQL_NOTES=@@SQL_NOTES, SQL_NOTES=0 */;

--
-- Table structure for table `chefschedule`
--

DROP TABLE IF EXISTS `chefschedule`;
/*!40101 SET @saved_cs_client     = @@character_set_client */;
/*!40101 SET character_set_client = utf8 */;
CREATE TABLE `chefschedule` (
  `id` int(11) NOT NULL AUTO_INCREMENT,
  `chef_id` int(11) NOT NULL,
  `end_time` datetime DEFAULT NULL,
  `order_id` int(11) DEFAULT NULL,
  `start_time` datetime DEFAULT NULL,
  PRIMARY KEY (`id`)
) ENGINE=InnoDB AUTO_INCREMENT=20 DEFAULT CHARSET=latin1;
/*!40101 SET character_set_client = @saved_cs_client */;

--
-- Dumping data for table `chefschedule`
--

LOCK TABLES `chefschedule` WRITE;
/*!40000 ALTER TABLE `chefschedule` DISABLE KEYS */;
INSERT INTO `chefschedule` VALUES (2,1,'2016-05-10 09:18:00',1,'2016-05-10 09:00:00'),(3,2,'2016-05-10 09:17:00',1,'2016-05-10 09:00:00'),(4,3,'2016-05-10 09:10:00',1,'2016-05-10 09:00:00'),(5,3,'2016-05-10 09:20:00',1,'2016-05-10 09:10:00'),(6,2,'2016-05-10 09:22:00',1,'2016-05-10 09:17:00'),(8,1,'2016-05-11 10:33:00',1,'2016-05-11 10:20:00'),(9,2,'2016-05-11 10:33:00',1,'2016-05-11 10:20:00'),(10,3,'2016-05-11 10:33:00',1,'2016-05-11 10:20:00'),(11,1,'2016-05-12 11:58:00',5,'2016-05-12 11:40:00'),(12,1,'2016-05-13 16:23:00',6,'2016-05-13 16:05:00'),(13,1,'2016-05-21 15:44:49',7,'2016-05-21 15:43:49'),(14,1,'2016-05-21 15:49:40',8,'2016-05-21 15:48:40'),(15,1,'2016-05-21 17:24:35',9,'2016-05-21 17:19:35'),(16,2,'2016-05-21 17:24:47',10,'2016-05-21 17:19:47'),(17,3,'2016-05-21 17:33:15',11,'2016-05-21 17:20:15'),(18,1,'2016-05-21 17:28:35',12,'2016-05-21 17:24:35'),(19,1,'2016-05-21 18:44:57',13,'2016-05-21 18:43:57');
/*!40000 ALTER TABLE `chefschedule` ENABLE KEYS */;
UNLOCK TABLES;

--
-- Table structure for table `customer`
--

DROP TABLE IF EXISTS `customer`;
/*!40101 SET @saved_cs_client     = @@character_set_client */;
/*!40101 SET character_set_client = utf8 */;
CREATE TABLE `customer` (
  `id` mediumtext,
  `firstname` varchar(20) DEFAULT NULL,
  `lastname` varchar(20) DEFAULT NULL
) ENGINE=InnoDB DEFAULT CHARSET=latin1;
/*!40101 SET character_set_client = @saved_cs_client */;

--
-- Dumping data for table `customer`
--

LOCK TABLES `customer` WRITE;
/*!40000 ALTER TABLE `customer` DISABLE KEYS */;
/*!40000 ALTER TABLE `customer` ENABLE KEYS */;
UNLOCK TABLES;

--
-- Table structure for table `menuitem`
--

DROP TABLE IF EXISTS `menuitem`;
/*!40101 SET @saved_cs_client     = @@character_set_client */;
/*!40101 SET character_set_client = utf8 */;
CREATE TABLE `menuitem` (
  `id` int(11) NOT NULL AUTO_INCREMENT,
  `calories` int(11) DEFAULT NULL,
  `category` int(11) DEFAULT NULL,
  `name` varchar(255) DEFAULT NULL,
  `picture` varchar(255) DEFAULT NULL,
  `preparation_time` int(11) DEFAULT NULL,
  `unit_price` decimal(19,2) DEFAULT NULL,
  `rating` double DEFAULT NULL,
  PRIMARY KEY (`id`)
) ENGINE=InnoDB AUTO_INCREMENT=7 DEFAULT CHARSET=latin1;
/*!40101 SET character_set_client = @saved_cs_client */;

--
-- Dumping data for table `menuitem`
--

LOCK TABLES `menuitem` WRITE;
/*!40000 ALTER TABLE `menuitem` DISABLE KEYS */;
INSERT INTO `menuitem` VALUES (1,10,1,'coke','/coke.jpg',1,2.00,4.333333333333333),(2,20,2,'salad','/salad.jpg',5,5.00,4.5),(3,30,3,'chicken','/chicken.jpg',13,8.50,4),(4,40,4,'burgur','/burger.jpg',4,6.50,3),(5,20,2,'macaroon','/macaroon.jpg',5,4.50,3.6666666666666665);
/*!40000 ALTER TABLE `menuitem` ENABLE KEYS */;
UNLOCK TABLES;

--
-- Table structure for table `order`
--

DROP TABLE IF EXISTS `order`;
/*!40101 SET @saved_cs_client     = @@character_set_client */;
/*!40101 SET character_set_client = utf8 */;
CREATE TABLE `order` (
  `id` int(11) NOT NULL AUTO_INCREMENT,
  `userid` int(11) DEFAULT NULL,
  `menuorders` varchar(1000) DEFAULT NULL,
  `pickuptime` varchar(50) DEFAULT NULL,
  `status` int(11) DEFAULT NULL,
  `f_start_time` varchar(255) DEFAULT NULL,
  `ordertime` varchar(255) DEFAULT NULL,
  `preparetime` int(11) DEFAULT NULL,
  `price` int(11) DEFAULT NULL,
  `readytime` varchar(255) DEFAULT NULL,
  PRIMARY KEY (`id`)
) ENGINE=InnoDB AUTO_INCREMENT=14 DEFAULT CHARSET=latin1;
/*!40101 SET character_set_client = @saved_cs_client */;

--
-- Dumping data for table `order`
--

LOCK TABLES `order` WRITE;
/*!40000 ALTER TABLE `order` DISABLE KEYS */;
INSERT INTO `order` VALUES (7,2,'coke,1Acoke,1','2016-05-21 15:45',3,'2016-05-21 15:43:49','2016-05-21 15:43:49',1,2,'2016-05-21 15:44:49'),(8,2,'coke,1Acoke,1Acoke,1Acoke,1','2016-05-21 15:50',3,'2016-05-21 15:48:39','2016-05-21 15:48:39',1,2,'2016-05-21 15:49:39'),(9,2,'salad,1','2016-05-21 17:25',3,'2016-05-21 17:19:34','2016-05-21 17:19:34',5,5,'2016-05-21 17:24:34'),(10,2,'salad,1Amacaroon,1','2016-05-21 17:25',3,'2016-05-21 17:19:47','2016-05-21 17:19:47',5,5,'2016-05-21 17:24:47'),(11,2,'salad,1Amacaroon,1Achicken,1Achicken,1Achicken,1','2016-05-21 17:34',3,'2016-05-21 17:20:15','2016-05-21 17:20:15',13,9,'2016-05-21 17:33:15'),(12,2,'salad,1Amacaroon,1Achicken,1Achicken,1Achicken,1Aburgur,1','2016-05-21 17:34',3,'2016-05-21 17:24:35','2016-05-21 17:20:25',4,7,'2016-05-21 17:28:35'),(13,2,'coke,1','2016-05-21 18:45',3,'2016-05-21 18:43:56','2016-05-21 18:43:56',1,2,'2016-05-21 18:44:56');
/*!40000 ALTER TABLE `order` ENABLE KEYS */;
UNLOCK TABLES;

--
-- Table structure for table `ordermenu`
--

DROP TABLE IF EXISTS `ordermenu`;
/*!40101 SET @saved_cs_client     = @@character_set_client */;
/*!40101 SET character_set_client = utf8 */;
CREATE TABLE `ordermenu` (
  `id` int(11) NOT NULL AUTO_INCREMENT,
  `menuid` int(11) DEFAULT NULL,
  `orderid` int(11) DEFAULT NULL,
  `quantity` int(11) DEFAULT NULL,
  `rate` double DEFAULT NULL,
  PRIMARY KEY (`id`)
) ENGINE=InnoDB AUTO_INCREMENT=22 DEFAULT CHARSET=latin1;
/*!40101 SET character_set_client = @saved_cs_client */;

--
-- Dumping data for table `ordermenu`
--

LOCK TABLES `ordermenu` WRITE;
/*!40000 ALTER TABLE `ordermenu` DISABLE KEYS */;
INSERT INTO `ordermenu` VALUES (1,1,7,1,NULL),(2,1,7,1,NULL),(3,1,8,1,NULL),(4,1,8,1,NULL),(5,1,8,1,NULL),(6,1,8,1,NULL),(7,2,9,1,NULL),(8,2,10,1,NULL),(9,5,10,1,NULL),(10,2,11,1,NULL),(11,5,11,1,NULL),(12,3,11,1,NULL),(13,3,11,1,NULL),(14,3,11,1,NULL),(15,2,12,1,NULL),(16,5,12,1,NULL),(17,3,12,1,NULL),(18,3,12,1,NULL),(19,3,12,1,NULL),(20,4,12,1,NULL),(21,1,13,1,NULL);
/*!40000 ALTER TABLE `ordermenu` ENABLE KEYS */;
UNLOCK TABLES;

--
-- Table structure for table `product`
--

DROP TABLE IF EXISTS `product`;
/*!40101 SET @saved_cs_client     = @@character_set_client */;
/*!40101 SET character_set_client = utf8 */;
CREATE TABLE `product` (
  `id` int(11) NOT NULL AUTO_INCREMENT,
  `description` varchar(255) DEFAULT NULL,
  `image_url` varchar(255) DEFAULT NULL,
  `price` decimal(19,2) DEFAULT NULL,
  `product_id` varchar(255) DEFAULT NULL,
  `version` int(11) DEFAULT NULL,
  PRIMARY KEY (`id`)
) ENGINE=InnoDB DEFAULT CHARSET=latin1;
/*!40101 SET character_set_client = @saved_cs_client */;

--
-- Dumping data for table `product`
--

LOCK TABLES `product` WRITE;
/*!40000 ALTER TABLE `product` DISABLE KEYS */;
/*!40000 ALTER TABLE `product` ENABLE KEYS */;
UNLOCK TABLES;

--
-- Table structure for table `profile`
--

DROP TABLE IF EXISTS `profile`;
/*!40101 SET @saved_cs_client     = @@character_set_client */;
/*!40101 SET character_set_client = utf8 */;
CREATE TABLE `profile` (
  `id` varchar(20) NOT NULL,
  `firstname` varchar(45) DEFAULT NULL,
  `lastname` varchar(45) DEFAULT NULL,
  `email` varchar(45) DEFAULT NULL,
  `address` varchar(45) DEFAULT NULL,
  `organization` varchar(45) DEFAULT NULL,
  `aboutMyself` varchar(45) DEFAULT NULL,
  PRIMARY KEY (`id`)
) ENGINE=InnoDB DEFAULT CHARSET=latin1;
/*!40101 SET character_set_client = @saved_cs_client */;

--
-- Dumping data for table `profile`
--

LOCK TABLES `profile` WRITE;
/*!40000 ALTER TABLE `profile` DISABLE KEYS */;
INSERT INTO `profile` VALUES ('123','chris','asjd','chris.guo@sjsu.edu','72 Floyd St.','SJSU','student');
/*!40000 ALTER TABLE `profile` ENABLE KEYS */;
UNLOCK TABLES;

--
-- Table structure for table `rating`
--

DROP TABLE IF EXISTS `rating`;
/*!40101 SET @saved_cs_client     = @@character_set_client */;
/*!40101 SET character_set_client = utf8 */;
CREATE TABLE `rating` (
  `menu_item_id` int(11) NOT NULL,
  `order_id` int(11) NOT NULL,
  `rated` bit(1) DEFAULT NULL,
  `rating` int(11) DEFAULT NULL,
  `menu_item` int(11) DEFAULT NULL,
  `order` int(11) DEFAULT NULL,
  PRIMARY KEY (`menu_item_id`,`order_id`),
  KEY `FK_wbawl1n0ookbq39d78ji92gx` (`menu_item`),
  KEY `FK_mhvj5obk5qhj73a2ms42hrv63` (`order`),
  CONSTRAINT `FK_mhvj5obk5qhj73a2ms42hrv63` FOREIGN KEY (`order`) REFERENCES `order` (`id`),
  CONSTRAINT `FK_wbawl1n0ookbq39d78ji92gx` FOREIGN KEY (`menu_item`) REFERENCES `menuitem` (`id`)
) ENGINE=InnoDB DEFAULT CHARSET=latin1;
/*!40101 SET character_set_client = @saved_cs_client */;

--
-- Dumping data for table `rating`
--

LOCK TABLES `rating` WRITE;
/*!40000 ALTER TABLE `rating` DISABLE KEYS */;
INSERT INTO `rating` VALUES (1,7,'',3,NULL,NULL),(1,8,'',5,NULL,NULL),(1,13,'',5,NULL,NULL),(2,9,'',4,NULL,NULL),(2,10,'',5,NULL,NULL),(2,11,'',5,NULL,NULL),(2,12,'',4,NULL,NULL),(3,10,'',5,NULL,NULL),(3,11,'',4,NULL,NULL),(3,12,'',3,NULL,NULL),(4,12,'',3,NULL,NULL),(5,10,'',3,NULL,NULL),(5,11,'',5,NULL,NULL),(5,12,'',3,NULL,NULL);
/*!40000 ALTER TABLE `rating` ENABLE KEYS */;
UNLOCK TABLES;

--
-- Table structure for table `shops`
--

DROP TABLE IF EXISTS `shops`;
/*!40101 SET @saved_cs_client     = @@character_set_client */;
/*!40101 SET character_set_client = utf8 */;
CREATE TABLE `shops` (
  `id` int(11) NOT NULL AUTO_INCREMENT,
  `employees_number` int(11) DEFAULT NULL,
  `name` varchar(255) DEFAULT NULL,
  PRIMARY KEY (`id`)
) ENGINE=InnoDB DEFAULT CHARSET=latin1;
/*!40101 SET character_set_client = @saved_cs_client */;

--
-- Dumping data for table `shops`
--

LOCK TABLES `shops` WRITE;
/*!40000 ALTER TABLE `shops` DISABLE KEYS */;
/*!40000 ALTER TABLE `shops` ENABLE KEYS */;
UNLOCK TABLES;

--
-- Table structure for table `user`
--

DROP TABLE IF EXISTS `user`;
/*!40101 SET @saved_cs_client     = @@character_set_client */;
/*!40101 SET character_set_client = utf8 */;
CREATE TABLE `user` (
  `id` int(11) NOT NULL AUTO_INCREMENT,
  `password` varchar(255) DEFAULT NULL,
  `username` varchar(255) DEFAULT NULL,
  `code` int(11) DEFAULT NULL,
  `email` varchar(255) DEFAULT NULL,
  `phonenumber` varchar(255) DEFAULT NULL,
  `role` varchar(255) DEFAULT NULL,
  PRIMARY KEY (`id`)
) ENGINE=InnoDB AUTO_INCREMENT=7 DEFAULT CHARSET=latin1;
/*!40101 SET character_set_client = @saved_cs_client */;

--
-- Dumping data for table `user`
--

LOCK TABLES `user` WRITE;
/*!40000 ALTER TABLE `user` DISABLE KEYS */;
INSERT INTO `user` VALUES (2,'123','chris',4470,'chrisguo1408@gmail.com','(555)555-5555','ROLE_user'),(3,'123','admin',7111,'chrisguo1408@gmail.com','(555)555-5555','ROLE_user'),(4,'202cb962ac59075b964b07152d234b70','aaa',6659,'chrisguo1408@gmail.com','(555)555-5555','ROLE_user'),(5,'$2a$10$9Elc7iANObjCvHC4n/OxVeTzL/H0sSgJGZiYmvVGl7t6N4.K9EPlG','michael',7886,'michael.dong@sjsu.edu','666-666-6666','ROLE_user'),(6,'$2a$10$ORi9f3cVp6DHr2y0dDthKuS47HQoCkq3R1OFxZa8Iu1qJNHhRYwRG','hello',9213,'michael.dong@sjsu.edu','666-666-6666','ROLE_user');
/*!40000 ALTER TABLE `user` ENABLE KEYS */;
UNLOCK TABLES;
/*!40103 SET TIME_ZONE=@OLD_TIME_ZONE */;

/*!40101 SET SQL_MODE=@OLD_SQL_MODE */;
/*!40014 SET FOREIGN_KEY_CHECKS=@OLD_FOREIGN_KEY_CHECKS */;
/*!40014 SET UNIQUE_CHECKS=@OLD_UNIQUE_CHECKS */;
/*!40101 SET CHARACTER_SET_CLIENT=@OLD_CHARACTER_SET_CLIENT */;
/*!40101 SET CHARACTER_SET_RESULTS=@OLD_CHARACTER_SET_RESULTS */;
/*!40101 SET COLLATION_CONNECTION=@OLD_COLLATION_CONNECTION */;
/*!40111 SET SQL_NOTES=@OLD_SQL_NOTES */;

-- Dump completed on 2016-05-22  9:32:09
